date	company	url	title	result
2026-04-07	Anthropic	https://boards-api.greenhouse.io/v1/boards/anthropic/jobs	(board scan)	no_interns
2026-04-07	xAI	https://boards-api.greenhouse.io/v1/boards/xai/jobs	(board scan)	no_match_grad
2026-04-07	xAI	https://job-boards.greenhouse.io/xai/jobs/5054417007	Engineering Internship (Summer 2026)	no_match_grad
2026-04-07	Character AI	https://boards-api.greenhouse.io/v1/boards/characterai/jobs	(board scan)	no_interns
2026-04-07	Together AI	https://boards-api.greenhouse.io/v1/boards/togetherai/jobs	(board scan)	no_match_grad
2026-04-07	Together AI	https://job-boards.greenhouse.io/togetherai/jobs/5012768007	Software Engineer Intern (Summer 2026)	no_match_grad
2026-04-07	Together AI	https://job-boards.greenhouse.io/togetherai/jobs/5015203007	Systems Research Engineer Intern - GPU Programming (Summer 2026)	no_match_skills
2026-04-07	Together AI	https://job-boards.greenhouse.io/togetherai/jobs/5015074007	Research Intern, Model Shaping (Summer 2026)	no_match_skills
2026-04-07	Inflection	https://boards-api.greenhouse.io/v1/boards/inflectionai/jobs	(board scan)	no_interns
2026-04-07	AI21	https://boards-api.greenhouse.io/v1/boards/ai21labs/jobs	(board scan)	no_interns
2026-04-07	Stability AI	https://boards-api.greenhouse.io/v1/boards/stabilityai/jobs	(board scan)	no_interns
2026-04-07	Scale AI	https://job-boards.greenhouse.io/scaleai/jobs/4606014005	Software Engineering Intern (Summer 2026)	dedup_012
2026-04-07	Databricks	https://www.databricks.com/company/careers/university-recruiting/software-engineering-intern-2026-6866531002	Software Engineering Intern (2026)	no_match_grad
2026-04-07	Databricks	https://www.databricks.com/company/careers/university-recruiting/data-science-intern-2026-start-6866538002	Data Science Intern (2026 Start)	no_match_grad
2026-04-07	Datadog	https://careers.datadoghq.com/detail/7158137/?gh_jid=7158137	Software Engineering Intern (Summer)	no_match_grad
2026-04-07	Arize AI	https://job-boards.greenhouse.io/arizeai	(board scan)	no_interns
2026-04-07	Weaviate	https://weaviate.io/company/careers	(board scan)	no_interns
2026-04-07	Vercel	https://job-boards.greenhouse.io/vercel/jobs/5628292004	Engineering Summer Intern	no_match_grad
2026-04-07	GitHub	https://www.github.careers/careers-home/jobs/3569/job	Software Engineering Intern	no_match_grad
2026-04-07	GitLab	https://job-boards.greenhouse.io/gitlab/	(board scan)	no_interns
2026-04-07	Replit	https://jobs.ashbyhq.com/replit/12737078-74c7-4e63-98a7-5e8da1e9deb1	Software Engineering Intern (Summer 2026)	dedup_004
2026-04-07	Retool	https://job-boards.greenhouse.io/retool	(board scan)	no_interns
2026-04-07	Supabase	https://jobs.ashbyhq.com/supabase	(board scan)	no_interns
2026-04-07	Render	https://job-boards.greenhouse.io/render	(board scan)	no_interns
2026-04-07	Sourcegraph	https://sourcegraph.com/jobs	(board scan)	below_comp
2026-04-07	dbt Labs	https://job-boards.greenhouse.io/dbtlabsinc	(board scan)	no_interns
2026-04-07	Postman	https://boards.greenhouse.io/postman/jobs/4670749003	Software Engineer - Intern	report_051
2026-04-07	Cursor (Anysphere)	https://jobs.ashbyhq.com/anysphere	(board scan)	no_interns
2026-04-07	Perplexity	https://jobs.ashbyhq.com/perplexity/79a07e2d-6150-4929-80fe-bbe13a641763	UK Internship Program	no_match_location
2026-04-07	Cohere	https://jobs.ashbyhq.com/cohere/66c98ca3-334b-4a6a-a27c-5807b3686121	Software Engineer Intern (Spring/Summer 2026)	report_049
2026-04-07	Cohere	https://jobs.ashbyhq.com/cohere/2c669d85-e3d7-43f1-aa43-be33e12ff8a5	Machine Learning Intern/Co-op (Spring/Summer 2026)	report_049_related
2026-04-07	Adept	https://jobs.ashbyhq.com/adept	(board scan)	no_interns
2026-04-07	Modal	https://jobs.ashbyhq.com/modal	(board scan)	no_interns
2026-04-07	LangChain	https://jobs.ashbyhq.com/langchain	(board scan)	no_interns
2026-04-07	Pinecone	https://jobs.ashbyhq.com/pinecone/ee430f96-5d27-40c4-a1e9-1442ad7f9aed	Intern: Science NYC	no_match_research
2026-04-07	Linear	https://jobs.ashbyhq.com/linear	(board scan)	no_interns
2026-04-07	Fly.io	https://jobs.ashbyhq.com/fly.io	(board scan)	no_interns
2026-04-07	Railway	https://jobs.ashbyhq.com/railway	(board scan)	no_interns
2026-04-07	Mistral	https://jobs.lever.co/mistral/881941e1-2741-48e2-8767-12866965fac5	Applied AI Internship	no_match_location
2026-04-07	W&B	https://jobs.lever.co/wandb	(board scan)	no_interns
2026-04-07	Hugging Face	https://apply.workable.com/huggingface/j/07FBA391F1	MLE Internship, Generative AI - US Remote	report_050
2026-04-07	Hugging Face	https://apply.workable.com/huggingface/j/9E5944D267	MLE Internship, Gradio - US Remote	report_050_related
2026-04-07	Hugging Face	https://apply.workable.com/huggingface/j/D04BE4F4A3	MLE Internship, WebML - US Remote	no_match_skills
2026-04-07	Hugging Face	https://apply.workable.com/huggingface/j/CF90BFDC06	MLE Internship, Quantization - US Remote	no_match_skills
2026-04-07	Stripe	https://boards-api.greenhouse.io/v1/boards/stripe/jobs	(board scan)	report_052
2026-04-07	Stripe	https://stripe.com/jobs/listing/software-engineer-intern-summer-and-winter/7210115	Software Engineer, Intern (Summer and Winter)	report_052
2026-04-07	Plaid	https://boards-api.greenhouse.io/v1/boards/plaid/jobs	(board scan)	no_match_grad
2026-04-07	Plaid	https://app.ripplematch.com/v2/public/job/146d369a	Software Engineering Intern, Summer 2026	no_match_grad
2026-04-07	Mercury	https://boards-api.greenhouse.io/v1/boards/mercury/jobs	(board scan)	skipped_dup
2026-04-07	Mercury	https://job-boards.greenhouse.io/mercury/jobs/5668761004	Backend Engineering Intern - Summer 2026	skipped_dup
2026-04-07	Robinhood	https://boards-api.greenhouse.io/v1/boards/robinhood/jobs	(board scan)	no_match_grad
2026-04-07	Robinhood	https://job-boards.greenhouse.io/robinhood/jobs/7239268	Software Engineering Intern, iOS (Summer 2026)	no_match_grad
2026-04-07	Robinhood	https://job-boards.greenhouse.io/robinhood/jobs/7239280	Software Engineering Intern, Web (Summer 2026)	no_match_grad
2026-04-07	Robinhood	https://job-boards.greenhouse.io/robinhood/jobs/7239199	Software Engineering Intern, Android (Summer 2026)	no_match_grad
2026-04-07	Chime	https://boards-api.greenhouse.io/v1/boards/chime/jobs	(board scan)	no_interns
2026-04-07	SoFi	https://boards-api.greenhouse.io/v1/boards/sofi/jobs	(board scan)	no_interns
2026-04-07	Atlassian	https://boards-api.greenhouse.io/v1/boards/atlassian/jobs	(board scan)	no_match_grad
2026-04-07	Atlassian	https://join.atlassian.com/atlassian-talent-community/jobs/20956	Software Engineer Intern, 2026 Summer U.S.	no_match_grad
2026-04-07	Atlassian	https://www.atlassian.com/company/careers/details/20959	Machine Learning Intern, 2026 Summer U.S.	no_match_grad
2026-04-07	HubSpot	https://boards-api.greenhouse.io/v1/boards/hubspot/jobs	(board scan)	no_interns
2026-04-07	Twilio	https://boards-api.greenhouse.io/v1/boards/twilio/jobs	(board scan)	no_interns
2026-04-07	Zoom	https://boards-api.greenhouse.io/v1/boards/zoomvideocommunications/jobs	(board scan)	no_interns
2026-04-07	Intercom	https://boards-api.greenhouse.io/v1/boards/intercom/jobs	(board scan)	no_interns
2026-04-07	CrowdStrike	https://crowdstrike.wd5.myworkdayjobs.com/crowdstrikecareers/job/USA---Redmond-WA/Software-Engineer-Intern---Summer-2026_R26636	Software Engineer Intern - Summer 2026	no_match_grad
2026-04-07	SentinelOne	https://boards-api.greenhouse.io/v1/boards/sentinelone/jobs	(board scan)	no_interns
2026-04-07	Palo Alto Networks	https://jobs.paloaltonetworks.com/en/category/internships-jobs/47263/8829856/1	(board scan)	report_055
2026-04-07	Palo Alto Networks	https://jobs.paloaltonetworks.com/en/jobs/job/intern-software-engineer-santa-clara-ca/	Intern, Software Engineer	report_055
2026-04-07	Vanta	https://boards-api.greenhouse.io/v1/boards/vanta/jobs	(board scan)	no_interns
2026-04-07	Snowflake	https://careers.snowflake.com/us/en/university	(board scan)	report_053
2026-04-07	Snowflake	https://careers.snowflake.com/us/en/job/SNCOUS4298E941D1294D7FA965FAA68E6E599EEXTERNALENUS897E1850C5904462B1870516B65B2034/Software-Engineer-Intern-AI-ML-2026	Software Engineer Intern (AI/ML) - 2026	report_053
2026-04-07	Snowflake	https://careers.snowflake.com/us/en/job/SNCOUS7FDC4A005ECE47ABBEFADE494832CBB8EXTERNALENUS3F8011FD91DC4DC0AE7786AC641AFF3E/Data-Science-Intern-Summer-2026	Data Science Intern - Summer 2026	no_match_grad
2026-04-07	Elastic	https://boards-api.greenhouse.io/v1/boards/elastic/jobs	(board scan)	no_interns
2026-04-07	Confluent	https://careers.confluent.io/jobs/job/d9ebd50b-967e-4f35-8ebd-f0ce2705136a	Software Engineering Intern (Summer 2026)	no_match_grad
2026-04-07	HashiCorp	https://boards-api.greenhouse.io/v1/boards/hashicorp/jobs	(board scan)	no_interns
2026-04-07	Grafana Labs	https://boards-api.greenhouse.io/v1/boards/grafanalabs/jobs	(board scan)	no_interns
2026-04-07	DigitalOcean	https://boards-api.greenhouse.io/v1/boards/digitalocean/jobs	(board scan)	report_056
2026-04-07	DigitalOcean	https://builtin.com/job/engineering-intern-summer-2026/8329813	Engineering Intern (Summer 2026)	report_056
2026-04-07	PagerDuty	https://boards-api.greenhouse.io/v1/boards/pagerduty/jobs	(board scan)	no_interns
2026-04-07	Canva	https://boards-api.greenhouse.io/v1/boards/canva/jobs	(board scan)	no_interns
2026-04-07	Airtable	https://boards-api.greenhouse.io/v1/boards/airtable/jobs	(board scan)	no_interns
2026-04-07	Asana	https://boards-api.greenhouse.io/v1/boards/asana/jobs	(board scan)	no_match_grad
2026-04-07	Asana	https://asana.com/jobs/apply/7490314	Software Engineering Intern - Summer 2026 (Reykjavik)	skipped_title
2026-04-07	Navan	https://boards-api.greenhouse.io/v1/boards/navan/jobs	(board scan)	no_interns
2026-04-07	Flexport	https://boards-api.greenhouse.io/v1/boards/flexport/jobs	(board scan)	no_interns
2026-04-07	Verkada	https://boards-api.greenhouse.io/v1/boards/verkada/jobs	(board scan)	no_match_grad
2026-04-07	Verkada	https://job-boards.greenhouse.io/verkada/jobs/5024322007	Frontend Software Engineering Intern 2026	no_match_grad
2026-04-07	Verkada	https://job-boards.greenhouse.io/verkada/jobs/4836993007	Backend Software Engineering Intern 2026	no_match_grad
2026-04-07	Samsara	https://boards-api.greenhouse.io/v1/boards/samsara/jobs	(board scan)	no_match_grad
2026-04-07	Samsara	https://www.samsara.com/company/careers/roles/7179025	Software Engineering Intern	no_match_grad
2026-04-07	Deel	https://boards-api.greenhouse.io/v1/boards/deel/jobs	(board scan)	no_interns
2026-04-07	Webflow	https://boards-api.greenhouse.io/v1/boards/webflow/jobs	(board scan)	no_interns
2026-04-07	Shield AI	https://jobs.lever.co/shieldai/da49232a-dc28-4085-a9b9-9059e643bc7f	Software Engineering Intern - 2026 Summer Intern	no_match_grad
2026-04-07	Tempus	https://boards-api.greenhouse.io/v1/boards/tempus/jobs	(board scan)	no_match_grad
2026-04-07	insitro	https://www.insitro.com/join-us/	Machine Learning / Data Science Intern	report_057
2026-04-07	Cruise	https://boards-api.greenhouse.io/v1/boards/cruise/jobs	(board scan)	no_interns
2026-04-07	Duolingo	https://boards-api.greenhouse.io/v1/boards/duolingo/jobs	(board scan)	no_match_grad
2026-04-07	Duolingo	https://simplify.jobs/p/bb4c44aa-efa8-44c0-95a0-33b60f5ffd3b/Software-Engineer-Intern	Software Engineer Intern	no_match_grad
2026-04-07	Toast	https://boards-api.greenhouse.io/v1/boards/toast/jobs	(board scan)	no_interns
2026-04-07	Gusto	https://boards-api.greenhouse.io/v1/boards/gusto/jobs	(board scan)	report_054
2026-04-07	Gusto	https://job-boards.greenhouse.io/gusto/jobs/7238671	Software Engineering Intern (Summer 2026)	report_054
2026-04-07	Rivian	https://careers.rivian.com/careers-home/jobs/27354	Artificial Intelligence, Machine Learning & Data Science - Summer 2026 Internships	report_058
2026-04-07	Cleanlab	https://cleanlab.ai/careers/internship/	Machine Learning / Data Science Intern	report_059
2026-04-10	Google	https://www.google.com/about/careers/applications/jobs/results/75808725415142086-software-engineering-intern-bs-summer-2026	Software Engineering Intern, BS, Summer 2026	report_060
2026-04-10	Google	https://www.google.com/about/careers/applications/jobs/results/102119429319336646-software-engineering-intern-phd-summer-2026	Software Engineering Intern, PhD, Summer 2026	no_match_degree
2026-04-10	Google	https://www.google.com/about/careers/applications/jobs/results/89208145057850054-data-scientist-product-intern-ms-summer-2026	Data Scientist, Product Intern, MS, Summer 2026	no_match_degree
2026-04-10	HRT	https://www.hudsonrivertrading.com/hrt-job/sophomore-internship-summer-2026/	Sophomore Internship – Summer 2026	no_match_closed
2026-04-10	HRT	https://www.hudsonrivertrading.com/hrt-job/c-software-engineering-internship-summer-2026/	Software Engineering Internship – Summer 2026	no_match_closed
2026-04-10	HRT	https://www.hudsonrivertrading.com/hrt-job/software-engineering-internship-summer-2026-2/	Python Software Engineering Internship – Summer 2026	no_match_closed
2026-04-10	Lyft	https://boards.greenhouse.io/lyft/jobs/8130804002	Software Engineer Intern, Backend (Summer 2026)	report_061
2026-04-10	Lyft	https://boards.greenhouse.io/lyft/jobs/8215921002	Software Engineer Intern, Mobile iOS (Summer 2026)	no_match_skills
2026-04-10	Airbnb	https://careers.airbnb.com/positions/7453837/	Software Engineering Intern (Summer 2026)	report_062
2026-04-10	DoorDash	https://job-boards.greenhouse.io/doordashusa/jobs/7262223	Software Engineer, Intern (Summer 2026)	report_063
2026-04-10	Instacart	https://boards.greenhouse.io/embed/job_board?for=Instacart	(board scan)	no_interns
2026-04-10	Snap	https://careers.snap.com/job?id=H225SWEI	Software Engineer Intern, Summer 2026	no_match_grad
2026-04-10	Pinterest	https://www.pinterestcareers.com/jobs/7210881/software-engineer-intern-2026/	Software Engineer Intern 2026	report_064
2026-04-10	Reddit	https://job-boards.greenhouse.io/reddit	(board scan)	no_interns
2026-04-10	Discord	https://discord.com/jobs/7005241002	Software Engineer Intern, Data Products	no_match_degree
2026-04-10	Discord	https://discord.com/jobs/7003740002	Software Engineer Intern - Perks (Core Product)	no_match_skills
2026-04-10	Discord	https://discord.com/jobs/7003739002	Software Engineer - Client Platforms Intern	no_match_skills
2026-04-10	Discord	https://discord.com/jobs/7003736002	Software Engineer Intern - Design Systems	no_match_skills
2026-04-10	Discord	https://discord.com/jobs/7003743002	Software Engineer Intern - Nitro Growth	no_match_skills
2026-04-10	Discord	https://discord.com/jobs/7005231002	Software Engineer Intern - Security	no_match_skills
2026-04-10	Together AI	https://job-boards.greenhouse.io/togetherai/jobs/5014291007	Research Intern, Inference (Summer 2026)	no_match_skills
2026-04-10	Scale AI	https://job-boards.greenhouse.io/scaleai/jobs/4606060005	Machine Learning Research Intern (Summer 2026)	no_match_grad
2026-04-10	Databricks	https://www.databricks.com/company/careers/university-recruiting/software-engineering-intern-2026-6866534002	Software Engineering Intern (2026)	no_match_grad
2026-04-10	Datadog	https://careers.datadoghq.com/detail/7158118/	Software Engineering Intern	no_match_grad
2026-04-10	Datadog	https://careers.datadoghq.com/detail/7367016/	Software Engineering Intern, SRE	no_match_grad
2026-04-10	Vercel	https://job-boards.greenhouse.io/vercel/jobs/5810803004	Data Platform & Engineering Intern	report_065
2026-04-10	OpenAI	https://openai.com/careers/software-engineer-systems-research-internship-applied-emerging-talent-(summer-2026)-san-francisco/	Software Engineer Systems Research Internship (Summer 2026)	no_match_degree
2026-04-10	Perplexity	https://jobs.ashbyhq.com/perplexity/9246cf02-26fd-4ae8-90c5-639c6e85e9e2	Internship - Search Machine Learning Engineer (Belgrade)	no_match_location
2026-04-10	Perplexity	https://jobs.ashbyhq.com/perplexity/b9e1ff15-d52a-46d5-abf0-26460f2a116c	Internship - Machine Learning Research Engineer (Berlin)	no_match_location
2026-04-10	Cohere	https://jobs.ashbyhq.com/cohere/6e850172-a79d-4128-abd2-677731312857	Research Internship (Spring/Summer 2026)	no_match_degree
2026-04-10	Hugging Face	https://apply.workable.com/huggingface/j/F860248372/	MLE Internship, Accelerate - US Remote	no_match_degree
2026-04-10	Hugging Face	https://apply.workable.com/huggingface/j/423E512A62/	ML Research Engineer Internship, Multimodal - US Remote	no_match_degree
2026-04-10	Hugging Face	https://apply.workable.com/huggingface/j/E617888620/	ML Research Engineer Internship, GUI Agents - US Remote	report_066
2026-04-10	Hugging Face	https://apply.workable.com/huggingface/j/30EDE6502E/	MLE Internship, Hardware Optimization - US Remote	no_match_skills
2026-04-10	Hugging Face	https://apply.workable.com/huggingface/j/AB7B65D426/	MLE Internship, Biomedical - US Remote	no_match_skills
2026-04-13	Google	https://www.google.com/about/careers/applications/jobs/results/95392037762671302-software-engineering-intern-summer-2026	Software Engineering Intern, Summer 2026 (Taiwan)	no_match_location
2026-04-13	Meta	https://www.metacareers.com/jobs/1668648587034930/	Data Engineer Intern	no_match_grad
2026-04-13	Meta	https://www.metacareers.com/jobs/804300811922734	Data Scientist Intern, Product Analytics (Summer 2026)	dedup_046
2026-04-13	Amazon	https://www.amazon.jobs/en/jobs/3116030/software-development-engineer-internship-summer-2026-us	Software Development Engineer Internship - Summer 2026 (US)	report_067
2026-04-13	Amazon	https://www.amazon.jobs/en/jobs/3145530/2026-data-engineer-internship	2026 Data Engineer Internship	report_068
2026-04-13	Amazon	https://www.amazon.jobs/en/jobs/3144155/2026-data-science-internship-united-states-phd-or-masters-student	2026 Data Science Internship - PhD/Masters	no_match_degree
2026-04-13	Amazon	https://www.amazon.jobs/en/jobs/3137707/amazon-robotics-data-science-intern-co-op-2026	Amazon Robotics - Data Science Intern/Co-op 2026	no_match_degree
2026-04-13	Amazon	https://www.amazon.jobs/en/jobs/3136266/robotics-software-development-engineer-intern-co-op-2026	Robotics - Software Development Engineer Intern/Co-op 2026	dedup_067
2026-04-13	Microsoft	https://jobs.careers.microsoft.com/us/en/job/1488909/Research-Intern-AI-assisted-Software-Engineering	Research Intern - AI Assisted Software Engineering	no_match_skills
2026-04-13	Microsoft	https://jobs.careers.microsoft.com/global/en/job/1735688/Software-Engineering-Intern	Software Engineering Intern	dedup_034
2026-04-13	Microsoft	https://careers.microsoft.com/v2/global/en/exploremicrosoft	Explore Microsoft Program	no_match_grad
2026-04-13	Apple	https://jobs.apple.com/en-us/details/200606469/machine-learning-ai-internships	Machine Learning / AI Internships	dedup_035
2026-04-13	Netflix	https://jobs.netflix.com/intern-program	(board scan)	no_new_interns
2026-04-13	Uber	https://www.uber.com/careers/	(board scan)	no_new_interns
2026-04-13	Lyft	https://boards.greenhouse.io/lyft/jobs/8218030002	Data Engineer Intern (Summer 2026)	no_match_grad
2026-04-13	Lyft	https://boards.greenhouse.io/lyft/jobs/8151190002	Data Science Intern, Algorithms (Summer 2026)	no_match_degree
2026-04-13	Lyft	https://boards.greenhouse.io/lyft/jobs/8130804002	Software Engineer Intern, Backend (Summer 2026)	dedup_061
2026-04-13	Airbnb	https://boards-api.greenhouse.io/v1/boards/airbnb/jobs	(board scan)	api_403
2026-04-13	DoorDash	https://boards-api.greenhouse.io/v1/boards/doordash/jobs	(board scan)	api_403
2026-04-13	Instacart	https://boards-api.greenhouse.io/v1/boards/instacart/jobs	(board scan)	api_403
2026-04-13	Snap	https://boards-api.greenhouse.io/v1/boards/snap/jobs	(board scan)	api_403
2026-04-13	Pinterest	https://boards-api.greenhouse.io/v1/boards/pinterest/jobs	(board scan)	api_403
2026-04-13	Reddit	https://boards-api.greenhouse.io/v1/boards/reddit/jobs	(board scan)	no_new_interns
2026-04-13	Discord	https://discord.com/jobs	(board scan)	no_new_interns
2026-04-13	Spotify	https://jobs.lever.co/spotify/69f52b9b-9e73-4134-b366-7e9e77ac192d	2026 Summer Internship, Engineering & Data Science (NYC)	no_match_closed
2026-04-13	Palantir	https://jobs.lever.co/palantir/e27af7ab-41fc-40c9-b31d-02c6cb1c505c	Software Engineer, Internship	no_match_grad
2026-04-13	Palantir	https://jobs.lever.co/palantir/fd3603a9-7016-45c6-9c8d-04c9279ab85e	Software Engineer, Internship - Infrastructure	no_match_grad
2026-04-13	Palantir	https://jobs.lever.co/palantir/373367a9-3160-49d8-b7af-2efec062fad1	Software Engineer, Internship - Production Infrastructure	no_match_grad
2026-04-13	Palantir	https://jobs.lever.co/palantir/f17e98d0-046a-4e6e-9d65-ed0b12dd0ff7	Software Engineer, Internship - Defense Tech	no_match_grad
2026-04-13	Palantir	https://jobs.lever.co/palantir/e6ff8bf2-135e-474d-ad37-24f490ae1dd2	Forward Deployed Software Engineer, Internship - US Government	no_match_timing
2026-04-13	Two Sigma	https://careers.twosigma.com/careers/JobDetail/New-York-New-York-United-States-Software-Engineering-Internship-NYC/13353	Software Engineering Internship - NYC	dedup_038
2026-04-13	Two Sigma	https://careerservices.fas.harvard.edu/jobs/two-sigma-first-year-software-engineering-internship-2026-nyc/	First Year Software Engineering Internship 2026	no_match_year
2026-04-13	Jane Street	https://www.janestreet.com/join-jane-street/internships/	Software Engineer - 2026 Summer Internship	dedup_041
2026-04-13	Citadel	https://www.citadel.com/careers/details/software-engineer-intern-us/	Software Engineer - Intern (US)	dedup_039
2026-04-13	Citadel Securities	https://www.citadelsecurities.com/careers/details/software-engineer-intern-us/	Software Engineer - Intern (US)	dedup_039
2026-04-13	DE Shaw	https://www.deshaw.com/careers/software-developer-intern-new-york-summer-2026-5521	Software Developer Intern (New York) - Summer 2026	dedup_040
2026-04-13	HRT	https://www.hudsonrivertrading.com/hrt-job/c-software-engineering-internship-summer-2026/	Software Engineering Internship - Summer 2026	no_match_closed
2026-04-13	Jump Trading	https://www.jumptrading.com/hr/job?gh_jid=7543377	Campus Software Engineer (Dec 2026 - Feb 2027 Intern)	no_match_timing
2026-04-13	Anthropic	https://job-boards.greenhouse.io/anthropic/jobs/5023394008	Anthropic Fellows Program (AI Safety Research)	no_match_research
2026-04-13	xAI	https://job-boards.greenhouse.io/xai/jobs/4730948007	Engineering Intern (general/infra)	no_match_skills
2026-04-13	Together AI	https://job-boards.greenhouse.io/togetherai/jobs/5014290007	GTM Systems Analyst Intern (Summer 2026)	no_match_role
2026-04-13	Together AI	https://job-boards.greenhouse.io/togetherai/jobs/5012785007	Security Engineer Intern (Summer 2026)	no_match_role
2026-04-13	Databricks	https://job-boards.greenhouse.io/databricks/jobs/7640764002	Software Engineering Intern (2026)	no_match_grad
2026-04-13	Datadog	https://careers.datadoghq.com/detail/7158100/	Applied Science Intern	no_match_grad
2026-04-13	Datadog	https://careers.datadoghq.com/detail/7158112/	Software Engineering Intern	no_match_grad
2026-04-13	Datadog	https://careers.datadoghq.com/detail/7406578/	Security Engineering Intern	no_match_role
2026-04-13	Vercel	https://job-boards.greenhouse.io/vercel/jobs/5628286004	Engineering Spring Intern	no_match_timing
2026-04-13	GitHub	https://www.github.careers/early-in-profession/jobs/4958	Applied Science Intern	no_match_degree
2026-04-13	Postman	https://boards.greenhouse.io/postman/jobs/4668801003	Data Engineer Intern	no_match_location
2026-04-13	Hugging Face	https://apply.workable.com/huggingface/j/B3CDE6C150/	Applied Research Internship - Embodied AI	no_match_degree
2026-04-13	OpenAI	https://openai.com/careers/software-engineer-internship-co-op-applied-emerging-talent-(summer-2026)/	Software Engineer Internship / Co-op (Summer 2026)	dedup_013
2026-04-13	C3 AI	https://job-boards.greenhouse.io/c3ascend/jobs/8106512002	Software Engineer Intern (Summer 2026)	report_069
2026-04-13	C3 AI	https://job-boards.greenhouse.io/c3ascend/jobs/8107069002	Data Science Intern (Summer 2026)	report_070
2026-04-13	Mistral	https://jobs.lever.co/mistral/589527e0-4f15-4e54-90db-83b2c49f263d	AI Scientist - Palo Alto (Internship, PhD)	no_match_degree
2026-04-13	Mistral	https://jobs.lever.co/mistral/426ef8c0-eb26-4004-a690-f33c62b445a7	Applied Scientist / Research Engineer (Internship)	no_match_location
2026-04-13	Cohere	https://jobs.ashbyhq.com/cohere/1bc2c535-2f42-454e-aebe-9c018575ce7b	Software Engineer Intern (Winter 2026)	no_match_timing
2026-04-13	Cohere	https://jobs.ashbyhq.com/cohere/25cc6633-614a-45e0-8632-ffd4a2475c9b	Machine Learning Intern/Co-op (Winter 2026)	no_match_timing
2026-04-13	Harvey AI	https://jobs.ashbyhq.com/harvey/b6509622-5c1e-4a3f-916b-6e56b8fd212f	Software Engineering Intern (Summer 2026)	report_071
2026-04-13	ServiceNow	https://careers.servicenow.com/jobs/744000080670612/machine-learning-engineer-intern-summer-2026/	Machine Learning Engineer Intern (Summer 2026)	report_072
2026-04-13	Cloudflare	https://job-boards.greenhouse.io/cloudflare/jobs/7444764	Data Science Intern (Summer 2026)	report_073
2026-04-13	Brex	https://www.brex.com/careers/8434385002	Software Engineer, Internship - 2026	no_match_grad
2026-04-13	Ramp	https://jobs.ashbyhq.com/ramp/c50962b5-c641-4d44-bbe5-7f1d6e7ce51f	Software Engineer Internship, Backend	dedup_006
2026-04-13	Mercury	https://boards-api.greenhouse.io/v1/boards/mercury/jobs	(board scan)	api_blocked
2026-04-13	Robinhood	https://boards-api.greenhouse.io/v1/boards/robinhood/jobs	(board scan)	no_match_grad
2026-04-13	Chime	https://careers.chime.com/en/early-talent/	(board scan)	no_interns
2026-04-13	SoFi	https://simplify.jobs/p/2e211f9a-df6c-471c-85ea-72823fcdc9bd	Software Engineer Intern	no_match_grad
2026-04-13	Atlassian	https://boards-api.greenhouse.io/v1/boards/atlassian/jobs	(board scan)	dedup_no_match_grad
2026-04-13	HubSpot	https://www.hubspot.com/careers/students/intern-coop	(board scan)	no_interns
2026-04-13	Twilio	https://job-boards.greenhouse.io/twilio/jobs/7560246	Software Engineer Intern (United States)	no_match_timing
2026-04-13	Grammarly	https://boards-api.greenhouse.io/v1/boards/grammarly/jobs	(board scan)	dedup_021
2026-04-13	Zoom	https://boards-api.greenhouse.io/v1/boards/zoomvideocommunications/jobs	(board scan)	no_interns
2026-04-13	Intercom	https://boards-api.greenhouse.io/v1/boards/intercom/jobs	(board scan)	no_interns
2026-04-13	CrowdStrike	https://crowdstrike.wd5.myworkdayjobs.com/crowdstrikecareers/job/usa---remote/data-science-intern---summer-2026--remote-_r26761	Data Science Intern - Summer 2026 (Remote)	no_match_degree
2026-04-13	SentinelOne	https://boards-api.greenhouse.io/v1/boards/sentinelone/jobs	(board scan)	no_interns
2026-04-13	Palo Alto Networks	https://boards-api.greenhouse.io/v1/boards/paloaltonetworks/jobs	(board scan)	dedup_055
2026-04-13	Vanta	https://boards-api.greenhouse.io/v1/boards/vanta/jobs	(board scan)	no_interns
2026-04-13	Cloudflare	https://job-boards.greenhouse.io/cloudflare/jobs/7374706	Data Engineer Intern (Summer 2026)	no_match_degree
2026-04-13	MongoDB	https://boards-api.greenhouse.io/v1/boards/mongodb/jobs	(board scan)	dedup_019
2026-04-13	Snowflake	https://boards-api.greenhouse.io/v1/boards/snowflake/jobs	(board scan)	dedup_053
2026-04-13	Elastic	https://boards-api.greenhouse.io/v1/boards/elastic/jobs	(board scan)	no_interns
2026-04-13	Confluent	https://careers.confluent.io/jobs/job/d9ebd50b-967e-4f35-8ebd-f0ce2705136a	Software Engineering Intern (Summer 2026)	no_match_grad
2026-04-13	HashiCorp	https://boards-api.greenhouse.io/v1/boards/hashicorp/jobs	(board scan)	no_interns
2026-04-13	Grafana Labs	https://boards-api.greenhouse.io/v1/boards/grafanalabs/jobs	(board scan)	no_interns
2026-04-13	DigitalOcean	https://boards-api.greenhouse.io/v1/boards/digitalocean/jobs	(board scan)	dedup_056
2026-04-13	PagerDuty	https://boards-api.greenhouse.io/v1/boards/pagerduty/jobs	(board scan)	no_interns
2026-04-13	Figma	https://job-boards.greenhouse.io/figma/jobs/5602159004	Software Engineer Intern (2026)	dedup_010
2026-04-13	Notion	https://jobs.ashbyhq.com/notion/23ac2477-0008-4bed-b1c1-81f90a32e9e6	Software Engineer Intern (Summer 2026)	dedup_002
2026-04-13	Canva	https://boards-api.greenhouse.io/v1/boards/canva/jobs	(board scan)	no_interns
2026-04-13	Airtable	https://boards-api.greenhouse.io/v1/boards/airtable/jobs	(board scan)	no_interns
2026-04-13	Asana	https://boards-api.greenhouse.io/v1/boards/asana/jobs	(board scan)	dedup_no_match_grad
2026-04-13	Dropbox	https://www.dropbox.jobs/en/jobs/7527921/data-science-intern-summer-2026/	Data Science Intern (Summer 2026)	dedup_014
2026-04-13	Rippling	https://ats.rippling.com/rippling/jobs/2f242b59-eee3-41f5-a5d7-55b7545cb9fb	Full Stack Software Engineer Intern - Summer 2026	dedup_027
2026-04-13	Navan	https://boards-api.greenhouse.io/v1/boards/navan/jobs	(board scan)	no_interns
2026-04-13	Flexport	https://boards-api.greenhouse.io/v1/boards/flexport/jobs	(board scan)	no_interns
2026-04-13	Verkada	https://job-boards.greenhouse.io/verkada/jobs/4836993007	Backend Software Engineering Intern 2026	no_match_grad
2026-04-13	Samsara	https://www.samsara.com/company/careers/roles/7179025	Software Engineering Intern - San Francisco	no_match_grad
2026-04-13	Whatnot	https://jobs.ashbyhq.com/whatnot/8250532f-4bfd-4ee5-a041-4a2e54047cf7	Software Engineer Intern (Summer 2026)	no_match_grad
2026-04-13	Etsy	https://boards-api.greenhouse.io/v1/boards/etsy/jobs	(board scan)	dedup_032
2026-04-13	Deel	https://boards-api.greenhouse.io/v1/boards/deel/jobs	(board scan)	no_interns
2026-04-13	Webflow	https://boards-api.greenhouse.io/v1/boards/webflow/jobs	(board scan)	no_interns
2026-04-13	Anduril	https://job-boards.greenhouse.io/andurilindustries/jobs/4807506007	Software Engineer Intern	no_match_grad
2026-04-13	Shield AI	https://jobs.lever.co/shieldai/da49232a-dc28-4085-a9b9-9059e643bc7f	Software Engineering Intern - 2026 Summer Intern	no_match_grad
2026-04-13	Tempus	https://tempus.wd5.myworkdayjobs.com/Tempus_Careers	(board scan)	no_match_grad
2026-04-13	Recursion	https://job-boards.greenhouse.io/recursionpharmaceuticals	(board scan)	dedup_020
2026-04-13	insitro	https://www.insitro.com/join-us/	(board scan)	dedup_057
2026-04-13	Cruise	https://boards-api.greenhouse.io/v1/boards/cruise/jobs	(board scan)	no_interns
2026-04-13	Nuro	https://boards-api.greenhouse.io/v1/boards/nuro/jobs	(board scan)	dedup_023
2026-04-13	Aurora	https://aurora.tech/careers/8227393002	Software Engineering Internship, Summer 2026	dedup_028
2026-04-13	Duolingo	https://job-boards.greenhouse.io/duolingo/jobs/7636988002	Software Engineer, Thrive Intern	no_match_closed
2026-04-13	Toast	https://boards-api.greenhouse.io/v1/boards/toast/jobs	(board scan)	no_interns
2026-04-13	Gusto	https://boards-api.greenhouse.io/v1/boards/gusto/jobs	(board scan)	dedup_054
2026-04-13	Glean	https://job-boards.greenhouse.io/gleanwork/jobs/4595665005	Software Engineer, Intern (Summer 2026)	no_match_grad
2026-04-13	Sigma Computing	https://job-boards.greenhouse.io/sigmacomputing/jobs/7598782003	Software Engineering Intern (Summer 2026)	dedup_008
2026-04-13	Salesforce	https://careers.salesforce.com/en/jobs/jr313214/summer-2026-intern-ai-research/	Summer 2026 Intern - AI Research	no_match_degree
2026-04-13	Two Sigma	https://careers.twosigma.com/careers/JobDetail/New-York-New-York-United-States-Data-Scientist-Internship-Summer-2026/13585	Data Scientist - Internship [Summer 2026]	no_match_grad
2026-04-13	Waymo	https://careers.withwaymo.com/jobs/2026-summer-intern-phd-software-engineer-predictive-planner-ml-dl-mountain-view-california-united-states	2026 Summer Intern, PhD, Software Engineer	no_match_degree
